"title","total_inventory"
"Chocolate Duck","0"
"Frankenstein Stranger","0"
"Apollo Teen","0"
"Hocus Frida","0"
"Wake Jaws","0"
"Suicides Silence","0"
"Gump Date","0"
"Butch Panther","0"
"Muppet Mile","0"
"Dazed Punk","0"
"Pearl Destiny","0"
"Tadpole Park","0"
"Sister Freddy","0"
"Boondock Ballroom","0"
"Commandments Express","0"
"Raiders Antitrust","0"
"Roof Champion","0"
"Alice Fantasia","0"
"Walls Artist","0"
"Kentuckian Giant","0"
"Kill Brotherhood","0"
"Treasure Command","0"
"Crossing Divorce","0"
"Rainbow Shock","0"
"Argonauts Town","0"
"Crystal Breaking","0"
"Villain Desperate","0"
"Psycho Shrunk","0"
"Catch Amistad","0"
"Firehouse Vietnam","0"
"Sky Miracle","0"
"Floats Garden","0"
"Crowds Telemark","0"
"Chinatown Gladiator","0"
"Perdition Fargo","0"
"Hate Handicap","0"
"Gladiator Westward","0"
"Order Betrayed","0"
"Arsenic Independence","0"
"Deliverance Mulholland","0"
"Volume House","0"
"Ark Ridgemont","0"
"Grail Frankenstein","2"
"Seven Swarm","2"
"Extraordinary Conquerer","2"
"Wild Apollo","2"
"Braveheart Human","2"
"Italian African","2"
"Dozen Lion","2"
"Jungle Closer","2"
"Informer Double","2"
"Full Flatliners","2"
"Bubble Grosse","2"
"Mixed Doors","2"
"Hunter Alter","2"
"Fever Empire","2"
"Diary Panic","2"
"Platoon Instinct","2"
"Jumanji Blade","2"
"World Leathernecks","2"
"Bulworth Commandments","2"
"Connection Microcosmos","2"
"Blood Argonauts","2"
"Menagerie Rushmore","2"
"Early Home","2"
"Mystic Truman","2"
"Soup Wisdom","2"
"Hardly Robbers","2"
"Pizza Jumanji","2"
"Eve Resurrection","2"
"Rushmore Mermaid","2"
"Magic Mallrats","2"
"Doctor Grail","2"
"Happiness United","2"
"Dumbo Lust","2"
"Divorce Shining","2"
"Private Drop","2"
"Runaway Tenenbaums","2"
"Miracle Virtual","2"
"Darling Breaking","2"
"Lesson Cleopatra","2"
"Ghostbusters Elf","2"
"Sling Luke","2"
"Freedom Cleopatra","2"
"License Weekend","2"
"Graceland Dynamite","2"
"Control Anthem","2"
"Sunset Racer","2"
"Papi Necklace","2"
"Reds Pocus","2"
"Untouchables Sunrise","2"
"Cruelty Unforgiven","2"
"Impact Aladdin","2"
"Crusade Honey","2"
"Simon North","2"
"Bed Highball","2"
"Zhivago Core","2"
"Treatment Jekyll","2"
"Stallion Sundance","2"
"Luke Mummy","2"
"Mulholland Beast","2"
"King Evolution","2"
"Soldiers Evolution","2"
"Warlock Werewolf","2"
"Mussolini Spoilers","2"
"Ladybugs Armageddon","2"
"Panic Club","2"
"Cowboy Doom","2"
"Hollow Jeopardy","2"
"Glory Tracy","2"
"Texas Watch","2"
"Duck Racer","2"
"Watership Frontier","2"
"Anything Savannah","2"
"Fire Wolves","2"
"Tarzan Videotape","2"
"Holy Tadpole","2"
"Heavenly Gun","2"
"Clue Grail","2"
"Apocalypse Flamingos","2"
"Wonderful Drop","2"
"Bang Kwai","2"
"Vision Torque","2"
"Hawk Chill","2"
"Comancheros Enemy","2"
"Train Bunch","2"
"Mannequin Worst","2"
"Halloween Nuts","2"
"Oklahoma Jumanji","2"
"Killer Innocent","2"
"Newsies Story","2"
"Maude Mod","2"
"Matrix Snowman","2"
"Madigan Dorado","2"
"Traffic Hobbit","2"
"Elizabeth Shane","2"
"Park Citizen","2"
"Desire Alien","2"
"Harold French","2"
"Tequila Past","2"
"President Bang","2"
"Life Twisted","2"
"Desperate Trainspotting","2"
"Records Zorro","2"
"Luck Opus","2"
"Leathernecks Dwarfs","2"
"Young Language","2"
"Haunted Antitrust","2"
"Vanished Garden","2"
"Ballroom Mockingbird","2"
"Phantom Glory","2"
"Dwarfs Alter","2"
"Rebel Airport","2"
"Hotel Happiness","2"
"Sense Greek","2"
"Speed Suit","2"
"Baby Hall","2"
"Magnificent Chitty","2"
"Conspiracy Spirit","2"
"Gone Trouble","2"
"Elf Murder","2"
"Ishtar Rocketeer","2"
"Lights Deer","2"
"Frontier Cabin","2"
"Bunch Minds","2"
"Intolerable Intentions","2"
"School Jacket","2"
"Antitrust Tomatoes","2"
"Punk Divorce","2"
"Legally Secretary","2"
"Cassidy Wyoming","2"
"Youth Kick","2"
"Duffel Apocalypse","2"
"Japanese Run","2"
"Clerks Angels","2"
"Chisum Behavior","3"
"Chaplin License","3"
"Ending Crowds","3"
"Grosse Wonderful","3"
"Opposite Necklace","3"
"Uptown Young","3"
"Nuts Ties","3"
"Valentine Vanishing","3"
"Autumn Crow","3"
"Superfly Trip","3"
"Rollercoaster Bringing","3"
"Saints Bride","3"
"Everyone Craft","3"
"Dolls Rage","3"
"Wisdom Worker","3"
"Elephant Trojan","3"
"Santa Paris","3"
"Connecticut Tramp","3"
"Clyde Theory","3"
"Stage World","3"
"Lucky Flying","3"
"Prix Undefeated","3"
"Spoilers Hellfighters","3"
"Spirited Casualties","3"
"Caribbean Liberty","3"
"Hoosiers Birdcage","3"
"Legend Jedi","3"
"Fiddler Lost","3"
"Lover Truman","3"
"Breaking Home","3"
"Maker Gables","3"
"Mighty Luck","3"
"Iron Moon","3"
"Jingle Sagebrush","3"
"Ace Goldfinger","3"
"Dares Pluto","3"
"Doubtfire Labyrinth","3"
"Bird Independence","3"
"Beast Hunchback","3"
"Random Go","3"
"Jawbreaker Brooklyn","3"
"Lord Arizona","3"
"Bright Encounters","3"
"Destination Jerk","3"
"Chitty Lock","3"
"Anthem Luke","3"
"Finding Anaconda","3"
"Birdcage Casper","3"
"Shrek License","3"
"Amelie Hellfighters","3"
"Wagon Jaws","3"
"Sweet Brotherhood","3"
"Monsoon Cause","3"
"Casualties Encino","3"
"Frogmen Breaking","3"
"Shining Roses","3"
"Maguire Apache","3"
"Snatchers Montezuma","3"
"Run Pacific","3"
"Minority Kiss","3"
"Loverboy Attacks","3"
"Window Side","3"
"Potluck Mixed","3"
"Lolita World","3"
"Unfaithful Kill","3"
"Smile Earring","3"
"Vanilla Day","3"
"Ties Hunger","3"
"Notting Speakeasy","3"
"Scissorhands Slums","3"
"Oleander Clue","3"
"Pet Haunting","3"
"Mulan Moon","3"
"Wars Pluto","3"
"Casper Dragonfly","3"
"Bugsy Song","3"
"Squad Fish","3"
"Drumline Cyclone","3"
"Reservoir Adaptation","3"
"North Tequila","3"
"Jeopardy Encino","3"
"African Egg","3"
"Hedwig Alter","3"
"Stranger Strangers","3"
"Kane Exorcist","3"
"Savannah Town","3"
"Gosford Donnie","3"
"Sensibility Rear","3"
"Champion Flatliners","3"
"Saddle Antitrust","3"
"Werewolf Lola","3"
"Vampire Whale","3"
"Language Cowboy","3"
"Hunting Musketeers","3"
"Won Dares","3"
"Feathers Metal","3"
"Godfather Diary","3"
"Opus Ice","3"
"Home Pity","3"
"Darko Dorado","3"
"Pittsburgh Hunchback","3"
"Montezuma Command","3"
"Daddy Pittsburgh","3"
"Song Hedwig","3"
"Terminator Club","3"
"Natural Stock","3"
"Runner Madigan","3"
"Cranes Reservoir","3"
"Stone Fire","3"
"Lost Bird","3"
"Victory Academy","3"
"Guys Falcon","3"
"Wyoming Storm","3"
"Beneath Rush","3"
"October Submarine","3"
"Brannigan Sunrise","3"
"Towers Hurricane","3"
"Trainspotting Strangers","3"
"Frisco Forrest","3"
"Mile Mulan","3"
"Kramer Chocolate","3"
"Lambs Cincinatti","3"
"Drop Waterfront","3"
"Right Cranes","3"
"Massage Image","3"
"Mod Secretary","3"
"Jersey Sassy","3"
"Clockwork Paradise","3"
"Speakeasy Date","3"
"Beethoven Exorcist","3"
"Crazy Home","3"
"Pajama Jawbreaker","4"
"Bikini Borrowers","4"
"Virtual Spoilers","4"
"Usual Untouchables","4"
"Lonely Elephant","4"
"Artist Coldblooded","4"
"California Birds","4"
"Paris Weekend","4"
"Hunger Roof","4"
"Side Ark","4"
"Spartacus Cheaper","4"
"Gilbert Pelican","4"
"Donnie Alley","4"
"Ali Forever","4"
"Circus Youth","4"
"Craft Outfield","4"
"Anonymous Human","4"
"Beach Heartbreakers","4"
"Peach Innocent","4"
"Drums Dynamite","4"
"Boiled Dares","4"
"Element Freddy","4"
"Greedy Roots","4"
"Vietnam Smoochy","4"
"Modern Dorado","4"
"Meet Chocolate","4"
"Citizen Shrek","4"
"Daughter Madigan","4"
"Stock Glass","4"
"Loser Hustler","4"
"Liberty Magnificent","4"
"Stampede Disturbing","4"
"Adaptation Holes","4"
"Uncut Suicides","4"
"Express Lonely","4"
"Darkness War","4"
"Arabia Dogma","4"
"Lock Rear","4"
"Shrunk Divine","4"
"Crow Grease","4"
"Glass Dying","4"
"Notorious Reunion","4"
"Monterey Labyrinth","4"
"Jade Bunch","4"
"West Lion","4"
"Rings Heartbreakers","4"
"Streak Ridgemont","4"
"Noon Papi","4"
"Raging Airplane","4"
"Labyrinth League","4"
"Born Spinal","4"
"Forever Candidate","4"
"Rear Trading","4"
"Odds Boogie","4"
"Backlash Undefeated","4"
"Blindness Gun","4"
"Madre Gables","4"
"Pluto Oleander","4"
"Reef Salute","4"
"Microcosmos Paradise","4"
"Words Hunter","4"
"Dragon Squad","4"
"Wasteland Divine","4"
"Siege Madre","4"
"Slipper Fidelity","4"
"Mob Duffel","4"
"Airport Pollock","4"
"Trap Guys","4"
"Quills Bull","4"
"Impossible Prejudice","4"
"Hanging Deep","4"
"Strangers Graffiti","4"
"Gunfighter Mussolini","4"
"Turn Star","4"
"Behavior Runaway","4"
"Jeepers Wedding","4"
"Love Suicides","4"
"Splash Gump","4"
"Translation Summer","4"
"Vertigo Northwest","4"
"Smoochy Control","4"
"Freaky Pocus","4"
"Twisted Pirates","4"
"Hook Chariots","4"
"Dangerous Uptown","4"
"Temple Attraction","4"
"Madison Trap","4"
"Gold River","4"
"Necklace Outbreak","4"
"Ferris Mother","4"
"Charade Duffel","4"
"Analyze Hoosiers","4"
"Hamlet Wisdom","4"
"Edge Kissing","4"
"Super Wyoming","4"
"Creepers Kane","4"
"Submarine Bed","4"
"Tycoon Gathering","4"
"Valley Packer","4"
"Thin Sagebrush","4"
"Army Flintstones","4"
"Cyclone Family","4"
"Steers Armageddon","4"
"Hysterical Grail","4"
"Rules Human","4"
"Deep Crusade","4"
"Past Suicides","4"
"Tootsie Pilot","4"
"Moonwalker Fool","4"
"Theory Mermaid","4"
"Cabin Flash","4"
"Devil Desire","4"
"Ship Wonderland","4"
"Town Ark","4"
"Sassy Packer","4"
"Teen Apollo","4"
"Pilot Hoosiers","4"
"Rider Caddyshack","4"
"Sorority Queen","4"
"Robbery Bright","4"
"Bonnie Holocaust","4"
"Monster Spartacus","4"
"Uprising Uptown","4"
"Searchers Wait","4"
"Hanover Galaxy","4"
"Cincinatti Whisperer","4"
"Wrath Mile","4"
"Dances None","4"
"Personal Ladybugs","4"
"Shane Darkness","4"
"Mosquito Armageddon","4"
"Entrapment Satisfaction","4"
"Paths Control","4"
"Fugitive Maguire","4"
"Model Fish","4"
"Dude Blindness","4"
"Hollywood Anonymous","4"
"Panky Submarine","4"
"Magnolia Forrester","4"
"Saturn Name","4"
"Majestic Floats","4"
"Factory Dragon","4"
"Comforts Rush","4"
"Bowfinger Gables","4"
"Whale Bikini","4"
"Party Knock","4"
"Divine Resurrection","4"
"Mask Peach","4"
"Evolution Alter","4"
"State Wasteland","4"
"Purple Movie","4"
"Homeward Cider","4"
"Games Bowfinger","4"
"Conquerer Nuts","4"
"Flash Wars","4"
"Chamber Italian","4"
"Motions Details","4"
"Daisy Menagerie","4"
"Bilko Anonymous","4"
"Betrayed Rear","4"
"Blanket Beverly","4"
"Flight Lies","4"
"Gandhi Kwai","4"
"Frida Slipper","4"
"Nash Chocolat","4"
"Illusion Amelie","4"
"Silverado Goldfinger","4"
"Spirit Flintstones","4"
"Pickup Driving","4"
"Lawless Vision","4"
"Bedazzled Married","4"
"Wanda Chamber","4"
"Tenenbaums Command","4"
"Date Speed","4"
"Gathering Calendar","4"
"Polish Brooklyn","4"
"Dying Maker","4"
"Caddyshack Jedi","4"
"Alley Evolution","4"
"Memento Zoolander","4"
"Holiday Games","4"
"Identity Lover","4"
"Spiking Element","4"
"Coast Rainbow","5"
"United Pilot","5"
"Sweden Shining","5"
"Image Princess","5"
"Kissing Dolls","5"
"Tuxedo Mile","5"
"Day Unfaithful","5"
"Instinct Airport","5"
"Joon Northwest","5"
"Rocky War","5"
"Secret Groundhog","5"
"Alabama Devil","5"
"Worst Banger","5"
"Dirty Ace","5"
"Reap Unfaithful","5"
"Kick Savannah","5"
"Unbreakable Karate","5"
"Annie Identity","5"
"Cheaper Clyde","5"
"Bull Shawshank","5"
"Enough Raging","5"
"Core Suit","5"
"Peak Forever","5"
"Satisfaction Confidential","5"
"Expecations Natural","5"
"Casablanca Super","5"
"Jaws Harry","5"
"Roots Remember","5"
"Banger Pinocchio","5"
"Summer Scarface","5"
"Gorgeous Bingo","5"
"Sleepless Monsoon","5"
"Dragonfly Strangers","5"
"Pure Runner","5"
"Eyes Driving","5"
"Coldblooded Darling","5"
"Barefoot Manchurian","5"
"Poseidon Forever","5"
"Graduate Lord","5"
"Club Graffiti","5"
"Nemo Campus","5"
"Tomatoes Hellfighters","5"
"Mourning Purple","5"
"Clones Pinocchio","5"
"Potter Connecticut","5"
"Watch Tracy","5"
"Holes Brannigan","5"
"Details Packer","5"
"Human Graffiti","5"
"Zoolander Fiction","5"
"Moulin Wake","5"
"Jericho Mulan","5"
"Mission Zoolander","5"
"Outbreak Divine","5"
"Chicken Hellfighters","5"
"Million Ace","5"
"War Notting","5"
"Lovely Jingle","5"
"Gables Metropolis","5"
"Taxi Kick","5"
"Unforgiven Zoolander","5"
"Bear Graceland","5"
"Idaho Love","5"
"Heaven Freedom","5"
"Attacks Hate","5"
"Confessions Maguire","5"
"Anaconda Confessions","5"
"Seattle Expecations","5"
"Chariots Conspiracy","5"
"Weekend Personal","5"
"Greek Everyone","5"
"Varsity Trip","5"
"Virgin Daisy","5"
"Patriot Roman","5"
"Birch Antitrust","5"
"Something Duck","5"
"French Holiday","5"
"Egypt Tenenbaums","5"
"Northwest Polish","5"
"Interview Liaisons","5"
"Spinal Rocky","5"
"Grinch Massage","5"
"Willow Tracy","5"
"Cleopatra Devil","5"
"Breakfast Goldfinger","5"
"Sierra Divide","5"
"Flintstones Happiness","5"
"Confused Candles","5"
"Mars Roman","5"
"Insider Arizona","5"
"Destiny Saturday","5"
"Reunion Witches","5"
"Chicago North","5"
"Music Boondock","5"
"Baked Cleopatra","5"
"Resurrection Silverado","5"
"Igby Maker","5"
"Fury Murder","5"
"Doom Dancing","5"
"Blues Instinct","5"
"Waterfront Deliverance","5"
"Tourist Pelican","5"
"Manchurian Curtain","5"
"Tramp Others","5"
"Newton Labyrinth","5"
"Pride Alamo","5"
"Groundhog Uncut","5"
"Silence Kane","5"
"Mother Oleander","5"
"Worker Tarzan","5"
"Lawrence Love","5"
"Louisiana Harry","5"
"Easy Gladiator","5"
"Open African","5"
"Roxanne Rebel","5"
"Holocaust Highball","5"
"Midnight Westward","5"
"Hope Tootsie","5"
"Exorcist Sting","5"
"Driver Annie","5"
"Jedi Beneath","5"
"Sagebrush Clueless","5"
"Patient Sister","5"
"Jacket Frisco","5"
"Airplane Sierra","5"
"Paycheck Wait","5"
"Sleepy Japanese","5"
"Ghost Groundhog","5"
"Wash Heavenly","5"
"Rouge Squad","5"
"Mermaid Insects","5"
"Wizard Coldblooded","5"
"Novocaine Flight","5"
"Groove Fiction","5"
"Darn Forrester","5"
"Sleuth Orient","5"
"Lust Lock","6"
"Yentl Idaho","6"
"Smoking Barbarella","6"
"Haunting Pianist","6"
"Feud Frogmen","6"
"Slacker Liaisons","6"
"Alone Trip","6"
"Inch Jet","6"
"Encounters Curtain","6"
"Earring Instinct","6"
"Dalmations Sweden","6"
"Candles Grapes","6"
"Sinners Atlantis","6"
"Rage Games","6"
"Trouble Date","6"
"Lady Stage","6"
"Troopers Metal","6"
"Pacific Amistad","6"
"Insects Stone","6"
"Empire Malkovich","6"
"Agent Truman","6"
"Fellowship Autumn","6"
"Go Purple","6"
"Christmas Moonshine","6"
"League Hellfighters","6"
"Stagecoach Armageddon","6"
"Indian Love","6"
"Hellfighters Sierra","6"
"Scarface Bang","6"
"Shanghai Tycoon","6"
"Color Philadelphia","6"
"Packer Madigan","6"
"Hours Rage","6"
"Road Roxanne","6"
"National Story","6"
"Jumping Wrath","6"
"Racer Egg","6"
"Queen Luke","6"
"Candidate Perdition","6"
"Gaslight Crusade","6"
"Excitement Eve","6"
"Metal Armageddon","6"
"Fargo Gandhi","6"
"Paradise Sabrina","6"
"Command Darling","6"
"Brotherhood Blanket","6"
"Blade Polish","6"
"Outfield Massacre","6"
"High Encino","6"
"Wind Phantom","6"
"Handicap Boondock","6"
"Pinocchio Simon","6"
"Shakespeare Saddle","6"
"Pollock Deliverance","6"
"Bringing Hysterical","6"
"Midsummer Groundhog","6"
"Roman Punk","6"
"Murder Antitrust","6"
"Wardrobe Phantom","6"
"Canyon Stock","6"
"Independence Hotel","6"
"Congeniality Quest","6"
"Encino Elf","6"
"Karate Moon","6"
"Fantasia Park","6"
"Escape Metropolis","6"
"American Circus","6"
"Prejudice Oleander","6"
"Lion Uncut","6"
"Gunfight Moon","6"
"Sons Interview","6"
"Amadeus Holy","6"
"Berets Agent","6"
"Pond Seattle","6"
"Freddy Storm","6"
"Gun Bonnie","6"
"Boulevard Mob","6"
"Whisperer Giant","6"
"Falcon Volume","6"
"Creatures Shakespeare","6"
"Hunchback Impossible","6"
"Driving Polish","6"
"Show Lord","6"
"Dracula Crystal","6"
"Chasing Fight","6"
"Wolves Desire","6"
"Sundance Invasion","6"
"Perfect Groove","6"
"Vanishing Rocky","6"
"Voice Peach","6"
"Maiden Home","6"
"Dawn Pond","6"
"Celebrity Horn","6"
"Secrets Paradise","6"
"Jet Neighbors","6"
"Philadelphia Wife","6"
"Thief Pelican","6"
"Fight Jawbreaker","6"
"Forrest Sons","6"
"Horn Working","6"
"Straight Hours","6"
"Bride Intrigue","6"
"Balloon Homeward","6"
"House Dynamite","6"
"Volcano Texas","6"
"Quest Mussolini","6"
"Salute Apollo","6"
"Carol Texas","6"
"Flying Hook","6"
"Others Soup","6"
"Barbarella Streetcar","6"
"Alien Center","6"
"Sugar Wonka","6"
"Hills Neighbors","6"
"Beauty Grease","6"
"Jekyll Frogmen","6"
"Panther Reds","6"
"Oz Liaisons","6"
"Masked Bubble","6"
"Conversation Downhill","6"
"Harper Dying","6"
"Hyde Doctor","6"
"Fool Mockingbird","6"
"Drifter Commandments","6"
"Alter Victory","6"
"Madness Attacks","6"
"Brooklyn Desert","6"
"Remember Diary","6"
"Sea Virgin","6"
"Movie Shakespeare","6"
"Secretary Rouge","6"
"Spice Sorority","6"
"Grease Youth","6"
"Desert Poseidon","6"
"Wonka Sea","6"
"Neighbors Charade","6"
"Homicide Peach","6"
"Cause Date","6"
"Cider Desire","6"
"Galaxy Sweethearts","6"
"Eagles Panky","6"
"Honey Ties","6"
"Suit Walls","6"
"Angels Life","6"
"Kwai Homeward","6"
"Moonshine Cabin","6"
"Lebowski Soldiers","6"
"Flatliners Killer","6"
"Rock Instinct","6"
"Chainsaw Uptown","6"
"Vacation Boondock","6"
"Liaisons Sweet","6"
"Lola Agent","6"
"Sunrise League","6"
"Divide Monster","6"
"Musketeers Wait","6"
"Chocolat Harry","6"
"Working Microcosmos","6"
"Bill Others","6"
"Birds Perdition","6"
"Requiem Tycoon","6"
"Center Dinosaur","6"
"Doors President","6"
"Outlaw Hanky","6"
"Gentlemen Stage","6"
"Highball Potter","6"
"Attraction Newton","6"
"Wait Cider","6"
"Dream Pickup","6"
"Truman Crazy","6"
"Borrowers Bedazzled","6"
"Room Roman","6"
"Disciple Mother","6"
"Mummy Creatures","6"
"Fidelity Devil","6"
"Orient Closer","6"
"Name Detective","6"
"Hall Cassidy","6"
"Crooked Frogmen","6"
"Wedding Apollo","6"
"Shawshank Bubble","6"
"Badman Dawn","6"
"Mine Titans","6"
"Fantasy Troopers","6"
"Trojan Tomorrow","6"
"Velvet Terminator","6"
"Pirates Roxanne","6"
"Pelican Comforts","7"
"Sleeping Suspects","7"
"Redemption Comforts","7"
"Calendar Gunfight","7"
"Money Harold","7"
"South Wait","7"
"Witches Panic","7"
"Sun Confessions","7"
"Camelot Vacation","7"
"Knock Warlock","7"
"River Outlaw","7"
"Aladdin Calendar","7"
"Durham Panky","7"
"Robbers Joon","7"
"Lies Treatment","7"
"Heartbreakers Bright","7"
"Coneheads Smoochy","7"
"Suspects Quills","7"
"Downhill Enough","7"
"Range Moonwalker","7"
"Orange Grapes","7"
"Goldmine Tycoon","7"
"Minds Truman","7"
"None Spiking","7"
"Goldfinger Sensibility","7"
"Shootist Superfly","7"
"Voyage Legally","7"
"Snowman Rollercoaster","7"
"Enemy Odds","7"
"Caper Motions","7"
"Contact Anonymous","7"
"Mallrats United","7"
"Coma Head","7"
"Grapes Fury","7"
"Maltese Hope","7"
"Intentions Empire","7"
"Strangelove Desire","7"
"Campus Remember","7"
"Flamingos Connecticut","7"
"Arachnophobia Rollercoaster","7"
"Wrong Behavior","7"
"Videotape Arsenic","7"
"Island Exorcist","7"
"Hurricane Affair","7"
"Blackout Private","7"
"Armageddon Lost","7"
"Chance Resurrection","7"
"Jerk Paycheck","7"
"Patton Interview","7"
"Telegraph Voyage","7"
"Splendor Patton","7"
"Basic Easy","7"
"Fiction Christmas","7"
"Talented Homicide","7"
"Samurai Lion","7"
"Tomorrow Hustler","7"
"Stepmom Dream","7"
"Sabrina Midnight","7"
"Titanic Boondock","7"
"Carrie Bunch","7"
"Trading Pinocchio","7"
"Dorado Notting","7"
"Double Wrath","7"
"Egg Igby","7"
"Oscar Gold","7"
"Pocus Pulp","7"
"Story Side","7"
"Hanky October","7"
"Snatch Slipper","7"
"Fatal Haunted","7"
"Shepherd Midsummer","7"
"Amistad Midsummer","7"
"Deceiver Betrayed","7"
"Detective Vision","7"
"Arizona Bang","7"
"Chill Luck","7"
"Fireball Philadelphia","7"
"Intrigue Worst","7"
"Star Operation","7"
"Massacre Usual","7"
"Princess Giant","7"
"Alamo Videotape","7"
"Jason Trap","7"
"Graffiti Love","7"
"Undefeated Dalmations","7"
"Women Dorado","7"
"Affair Prejudice","7"
"Head Stranger","7"
"Alaska Phantom","7"
"Scorpion Apollo","7"
"Tracy Cider","7"
"Pianist Outfield","7"
"Closer Bang","7"
"Clash Freddy","7"
"Nightmare Chill","7"
"Strictly Scarface","7"
"Timberland Sky","7"
"Tights Dawn","7"
"Fish Opus","7"
"Idols Snatchers","7"
"Steel Santa","7"
"Gangs Pride","7"
"Reign Gentlemen","7"
"Effect Gladiator","7"
"Disturbing Scarface","7"
"Atlantis Cause","7"
"Clueless Bucket","7"
"Earth Vision","7"
"Forrester Comancheros","7"
"Slums Duck","7"
"Half Outfield","7"
"Wonderland Christmas","7"
"Westward Seabiscuit","7"
"Ice Crossing","7"
"English Bulworth","7"
"Malkovich Pet","7"
"Torque Bound","8"
"Zorro Ark","8"
"Bound Cheaper","8"
"Pulp Beverly","8"
"Primary Glass","8"
"Goodfellas Salute","8"
"Grit Clockwork","8"
"Deer Virginian","8"
"Loathing Legally","8"
"Hustler Party","8"
"Butterfly Chocolat","8"
"Cat Coneheads","8"
"Cupboard Sinners","8"
"Dinosaur Secretary","8"
"Hobbit Alien","8"
"Heavyweights Beast","8"
"Wife Turn","8"
"Storm Happiness","8"
"Curtain Videotape","8"
"Sting Personal","8"
"Swarm Gold","8"
"Moon Bunch","8"
"Family Sweet","8"
"Beverly Outlaw","8"
"Lose Inch","8"
"Expendable Stallion","8"
"Muscle Bright","8"
"Kiss Glory","8"
"Scalawag Duck","8"
"Confidential Interview","8"
"Harry Idaho","8"
"Saturday Lambs","8"
"Titans Jerk","8"
"Innocent Usual","8"
"Bingo Talented","8"
"Giant Troopers","8"
"Dynamite Tarzan","8"
"Virginian Pluto","8"
"Academy Dinosaur","8"
"Sweethearts Suspects","8"
"Horror Reign","8"
"Forward Temple","8"
"Operation Operation","8"
"Shock Cabin","8"
"Metropolis Coma","8"
"Frost Head","8"
"Mockingbird Hollywood","8"
"Dancing Fever","8"
"Seabiscuit Punk","8"
"Bucket Brotherhood","8"
"Boogie Amelie","8"
"Apache Divine","8"
"Rugrats Shakespeare","8"
"Dogma Family","8"
"Rocketeer Mother","8"
"Married Go","8"
"Roses Treasure","8"
"Garden Island","8"
"Rush Goodfellas","8"
"Pity Bound","8"
"Juggler Hardly","8"
"Telemark Heartbreakers","8"
"Invasion Cyclone","8"
"Spy Mile","8"
"Network Peak","8"
"Trip Newton","8"
"Gleaming Jawbreaker","8"
"Streetcar Intentions","8"
"Greatest North","8"
"Gilmore Boiled","8"
"Ridgemont Submarine","8"
"Crossroads Casualties","8"
